Feature,Importance
Literacy_Rate_2011,0.41932885173314416
Overall_FHTC_Pct,0.2168722998958822
Village_Inequality_Index,0.1885211956089747
PWS_Infrastructure_Gap,0.17527765276199894
